field_1;yLat;xLon;total;MRGID;GEONAME;MRGID_TER1;POL_TYPE;MRGID_SOV1;TERRITORY1;ISO_TER1;SOVEREIGN1;MRGID_TER2;MRGID_SOV2;TERRITORY2;ISO_TER2;SOVEREIGN2;MRGID_TER3;MRGID_SOV3;TERRITORY3;ISO_TER3;SOVEREIGN3;X_1;Y_1;MRGID_EEZ;AREA_KM2;ISO_SOV1;ISO_SOV2;ISO_SOV3;UN_SOV1;UN_SOV2;UN_SOV3;UN_TER1;UN_TER2;UN_TER3
11;-19,5;9,5;108210;8395,0;Namibian Exclusive Economic Zone;2218,0;200NM;2218,0;Namibia;NAM;Namibia;0,0;0,0;;;;0,0;0,0;;;;12,28547;-23,64969;8395,0;562212,0;NAM;;;516;;;516;;
19;-18,5;8,5;181160;8395,0;Namibian Exclusive Economic Zone;2218,0;200NM;2218,0;Namibia;NAM;Namibia;0,0;0,0;;;;0,0;0,0;;;;12,28547;-23,64969;8395,0;562212,0;NAM;;;516;;;516;;
30;-17,5;8,5;1751420;8395,0;Namibian Exclusive Economic Zone;2218,0;200NM;2218,0;Namibia;NAM;Namibia;0,0;0,0;;;;0,0;0,0;;;;12,28547;-23,64969;8395,0;562212,0;NAM;;;516;;;516;;
31;-17,5;9,5;172130;8395,0;Namibian Exclusive Economic Zone;2218,0;200NM;2218,0;Namibia;NAM;Namibia;0,0;0,0;;;;0,0;0,0;;;;12,28547;-23,64969;8395,0;562212,0;NAM;;;516;;;516;;
32;-17,5;10,5;1097330;8395,0;Namibian Exclusive Economic Zone;2218,0;200NM;2218,0;Namibia;NAM;Namibia;0,0;0,0;;;;0,0;0,0;;;;12,28547;-23,64969;8395,0;562212,0;NAM;;;516;;;516;;
40;-16,5;8,5;938540;8478,0;Angolan Exclusive Economic Zone;2150,0;200NM;2150,0;Angola;AGO;Angola;0,0;0,0;;;;0,0;0,0;;;;11,03537;-11,7011;8478,0;495866,0;AGO;;;24;;;24;;
41;-16,5;9,5;2054890;8478,0;Angolan Exclusive Economic Zone;2150,0;200NM;2150,0;Angola;AGO;Angola;0,0;0,0;;;;0,0;0,0;;;;11,03537;-11,7011;8478,0;495866,0;AGO;;;24;;;24;;
42;-16,5;10,5;2851400;8478,0;Angolan Exclusive Economic Zone;2150,0;200NM;2150,0;Angola;AGO;Angola;0,0;0,0;;;;0,0;0,0;;;;11,03537;-11,7011;8478,0;495866,0;AGO;;;24;;;24;;
43;-16,5;11,5;1121360;8478,0;Angolan Exclusive Economic Zone;2150,0;200NM;2150,0;Angola;AGO;Angola;0,0;0,0;;;;0,0;0,0;;;;11,03537;-11,7011;8478,0;495866,0;AGO;;;24;;;24;;
53;-15,5;8,5;595250;8478,0;Angolan Exclusive Economic Zone;2150,0;200NM;2150,0;Angola;AGO;Angola;0,0;0,0;;;;0,0;0,0;;;;11,03537;-11,7011;8478,0;495866,0;AGO;;;24;;;24;;
54;-15,5;9,5;1147220;8478,0;Angolan Exclusive Economic Zone;2150,0;200NM;2150,0;Angola;AGO;Angola;0,0;0,0;;;;0,0;0,0;;;;11,03537;-11,7011;8478,0;495866,0;AGO;;;24;;;24;;
55;-15,5;10,5;2503220;8478,0;Angolan Exclusive Economic Zone;2150,0;200NM;2150,0;Angola;AGO;Angola;0,0;0,0;;;;0,0;0,0;;;;11,03537;-11,7011;8478,0;495866,0;AGO;;;24;;;24;;
56;-15,5;11,5;2562080;8478,0;Angolan Exclusive Economic Zone;2150,0;200NM;2150,0;Angola;AGO;Angola;0,0;0,0;;;;0,0;0,0;;;;11,03537;-11,7011;8478,0;495866,0;AGO;;;24;;;24;;
64;-14,5;9,5;447320;8478,0;Angolan Exclusive Economic Zone;2150,0;200NM;2150,0;Angola;AGO;Angola;0,0;0,0;;;;0,0;0,0;;;;11,03537;-11,7011;8478,0;495866,0;AGO;;;24;;;24;;
65;-14,5;10,5;482560;8478,0;Angolan Exclusive Economic Zone;2150,0;200NM;2150,0;Angola;AGO;Angola;0,0;0,0;;;;0,0;0,0;;;;11,03537;-11,7011;8478,0;495866,0;AGO;;;24;;;24;;
66;-14,5;11,5;2255830;8478,0;Angolan Exclusive Economic Zone;2150,0;200NM;2150,0;Angola;AGO;Angola;0,0;0,0;;;;0,0;0,0;;;;11,03537;-11,7011;8478,0;495866,0;AGO;;;24;;;24;;
76;-13,5;9,5;189780;8478,0;Angolan Exclusive Economic Zone;2150,0;200NM;2150,0;Angola;AGO;Angola;0,0;0,0;;;;0,0;0,0;;;;11,03537;-11,7011;8478,0;495866,0;AGO;;;24;;;24;;
77;-13,5;10,5;269200;8478,0;Angolan Exclusive Economic Zone;2150,0;200NM;2150,0;Angola;AGO;Angola;0,0;0,0;;;;0,0;0,0;;;;11,03537;-11,7011;8478,0;495866,0;AGO;;;24;;;24;;
78;-13,5;11,5;1916150;8478,0;Angolan Exclusive Economic Zone;2150,0;200NM;2150,0;Angola;AGO;Angola;0,0;0,0;;;;0,0;0,0;;;;11,03537;-11,7011;8478,0;495866,0;AGO;;;24;;;24;;
79;-13,5;12,5;213980;8478,0;Angolan Exclusive Economic Zone;2150,0;200NM;2150,0;Angola;AGO;Angola;0,0;0,0;;;;0,0;0,0;;;;11,03537;-11,7011;8478,0;495866,0;AGO;;;24;;;24;;
89;-12,5;9,5;275260;8478,0;Angolan Exclusive Economic Zone;2150,0;200NM;2150,0;Angola;AGO;Angola;0,0;0,0;;;;0,0;0,0;;;;11,03537;-11,7011;8478,0;495866,0;AGO;;;24;;;24;;
90;-12,5;10,5;285420;8478,0;Angolan Exclusive Economic Zone;2150,0;200NM;2150,0;Angola;AGO;Angola;0,0;0,0;;;;0,0;0,0;;;;11,03537;-11,7011;8478,0;495866,0;AGO;;;24;;;24;;
91;-12,5;11,5;716480;8478,0;Angolan Exclusive Economic Zone;2150,0;200NM;2150,0;Angola;AGO;Angola;0,0;0,0;;;;0,0;0,0;;;;11,03537;-11,7011;8478,0;495866,0;AGO;;;24;;;24;;
92;-12,5;12,5;1990030;8478,0;Angolan Exclusive Economic Zone;2150,0;200NM;2150,0;Angola;AGO;Angola;0,0;0,0;;;;0,0;0,0;;;;11,03537;-11,7011;8478,0;495866,0;AGO;;;24;;;24;;
110;-11,5;10,5;315470;8478,0;Angolan Exclusive Economic Zone;2150,0;200NM;2150,0;Angola;AGO;Angola;0,0;0,0;;;;0,0;0,0;;;;11,03537;-11,7011;8478,0;495866,0;AGO;;;24;;;24;;
111;-11,5;11,5;242610;8478,0;Angolan Exclusive Economic Zone;2150,0;200NM;2150,0;Angola;AGO;Angola;0,0;0,0;;;;0,0;0,0;;;;11,03537;-11,7011;8478,0;495866,0;AGO;;;24;;;24;;
112;-11,5;12,5;2250160;8478,0;Angolan Exclusive Economic Zone;2150,0;200NM;2150,0;Angola;AGO;Angola;0,0;0,0;;;;0,0;0,0;;;;11,03537;-11,7011;8478,0;495866,0;AGO;;;24;;;24;;
113;-11,5;13,5;946190;8478,0;Angolan Exclusive Economic Zone;2150,0;200NM;2150,0;Angola;AGO;Angola;0,0;0,0;;;;0,0;0,0;;;;11,03537;-11,7011;8478,0;495866,0;AGO;;;24;;;24;;
133;-10,5;10,5;357290;8478,0;Angolan Exclusive Economic Zone;2150,0;200NM;2150,0;Angola;AGO;Angola;0,0;0,0;;;;0,0;0,0;;;;11,03537;-11,7011;8478,0;495866,0;AGO;;;24;;;24;;
134;-10,5;11,5;1040230;8478,0;Angolan Exclusive Economic Zone;2150,0;200NM;2150,0;Angola;AGO;Angola;0,0;0,0;;;;0,0;0,0;;;;11,03537;-11,7011;8478,0;495866,0;AGO;;;24;;;24;;
135;-10,5;12,5;3096430;8478,0;Angolan Exclusive Economic Zone;2150,0;200NM;2150,0;Angola;AGO;Angola;0,0;0,0;;;;0,0;0,0;;;;11,03537;-11,7011;8478,0;495866,0;AGO;;;24;;;24;;
136;-10,5;13,5;693180;8478,0;Angolan Exclusive Economic Zone;2150,0;200NM;2150,0;Angola;AGO;Angola;0,0;0,0;;;;0,0;0,0;;;;11,03537;-11,7011;8478,0;495866,0;AGO;;;24;;;24;;
156;-9,5;10,5;383430;8478,0;Angolan Exclusive Economic Zone;2150,0;200NM;2150,0;Angola;AGO;Angola;0,0;0,0;;;;0,0;0,0;;;;11,03537;-11,7011;8478,0;495866,0;AGO;;;24;;;24;;
157;-9,5;11,5;1057000;8478,0;Angolan Exclusive Economic Zone;2150,0;200NM;2150,0;Angola;AGO;Angola;0,0;0,0;;;;0,0;0,0;;;;11,03537;-11,7011;8478,0;495866,0;AGO;;;24;;;24;;
158;-9,5;12,5;2489480;8478,0;Angolan Exclusive Economic Zone;2150,0;200NM;2150,0;Angola;AGO;Angola;0,0;0,0;;;;0,0;0,0;;;;11,03537;-11,7011;8478,0;495866,0;AGO;;;24;;;24;;
182;-8,5;10,5;284450;8478,0;Angolan Exclusive Economic Zone;2150,0;200NM;2150,0;Angola;AGO;Angola;0,0;0,0;;;;0,0;0,0;;;;11,03537;-11,7011;8478,0;495866,0;AGO;;;24;;;24;;
183;-8,5;11,5;1226340;8478,0;Angolan Exclusive Economic Zone;2150,0;200NM;2150,0;Angola;AGO;Angola;0,0;0,0;;;;0,0;0,0;;;;11,03537;-11,7011;8478,0;495866,0;AGO;;;24;;;24;;
184;-8,5;12,5;1617280;8478,0;Angolan Exclusive Economic Zone;2150,0;200NM;2150,0;Angola;AGO;Angola;0,0;0,0;;;;0,0;0,0;;;;11,03537;-11,7011;8478,0;495866,0;AGO;;;24;;;24;;
212;-7,5;9,5;159350;8478,0;Angolan Exclusive Economic Zone;2150,0;200NM;2150,0;Angola;AGO;Angola;0,0;0,0;;;;0,0;0,0;;;;11,03537;-11,7011;8478,0;495866,0;AGO;;;24;;;24;;
213;-7,5;10,5;379510;8478,0;Angolan Exclusive Economic Zone;2150,0;200NM;2150,0;Angola;AGO;Angola;0,0;0,0;;;;0,0;0,0;;;;11,03537;-11,7011;8478,0;495866,0;AGO;;;24;;;24;;
214;-7,5;11,5;479090;8478,0;Angolan Exclusive Economic Zone;2150,0;200NM;2150,0;Angola;AGO;Angola;0,0;0,0;;;;0,0;0,0;;;;11,03537;-11,7011;8478,0;495866,0;AGO;;;24;;;24;;
215;-7,5;12,5;322520;8478,0;Angolan Exclusive Economic Zone;2150,0;200NM;2150,0;Angola;AGO;Angola;0,0;0,0;;;;0,0;0,0;;;;11,03537;-11,7011;8478,0;495866,0;AGO;;;24;;;24;;
225;-6,5;-11,5;37530;8379,0;Ascension Exclusive Economic Zone;8620,0;200NM;2208,0;Ascension;SHN;United Kingdom;0,0;0,0;;;;0,0;0,0;;;;-14,36337;-7,94747;8379,0;446005,0;GBR;;;826;;;654;;
246;-6,5;9,5;60020;8394,0;Congolese Exclusive Economic Zone;8633,0;200NM;8633,0;Republic of the Congo;COG;Republic of the Congo;0,0;0,0;;;;0,0;0,0;;;;10,59577;-5,33648;8394,0;33807,0;COG;;;178;;;178;;
247;-6,5;10,5;40750;8477,0;Democratic Republic of the Congo Exclusive Economic Zone;2198,0;200NM;2198,0;Democratic Republic of the Congo;COD;Democratic Republic of the Congo;0,0;0,0;;;;0,0;0,0;;;;10,73256;-6,40153;8477,0;13373,0;COD;;;180;;;180;;
260;-5,5;-16,5;20980;8379,0;Ascension Exclusive Economic Zone;8620,0;200NM;2208,0;Ascension;SHN;United Kingdom;0,0;0,0;;;;0,0;0,0;;;;-14,36337;-7,94747;8379,0;446005,0;GBR;;;826;;;654;;
261;-5,5;-12,5;16000;8379,0;Ascension Exclusive Economic Zone;8620,0;200NM;2208,0;Ascension;SHN;United Kingdom;0,0;0,0;;;;0,0;0,0;;;;-14,36337;-7,94747;8379,0;446005,0;GBR;;;826;;;654;;
282;-5,5;8,5;8540;8476,0;Gabonese Exclusive Economic Zone;2104,0;200NM;2104,0;Gabon;GAB;Gabon;0,0;0,0;;;;0,0;0,0;;;;8,73897;-3,06254;8476,0;201759,0;GAB;;;266;;;266;;
283;-5,5;9,5;13920;8476,0;Gabonese Exclusive Economic Zone;2104,0;200NM;2104,0;Gabon;GAB;Gabon;0,0;0,0;;;;0,0;0,0;;;;8,73897;-3,06254;8476,0;201759,0;GAB;;;266;;;266;;
284;-5,5;10,5;23630;8394,0;Congolese Exclusive Economic Zone;8633,0;200NM;8633,0;Republic of the Congo;COG;Republic of the Congo;0,0;0,0;;;;0,0;0,0;;;;10,59577;-5,33648;8394,0;33807,0;COG;;;178;;;178;;
318;-4,5;4,5;248840;8398,0;Equatorial Guinean Exclusive Economic Zone;2112,0;200NM;2112,0;Equatorial Guinea;GNQ;Equatorial Guinea;0,0;0,0;;;;0,0;0,0;;;;5,43745;-1,37183;8398,0;304133,0;GNQ;;;226;;;226;;
319;-4,5;5,5;63400;8398,0;Equatorial Guinean Exclusive Economic Zone;2112,0;200NM;2112,0;Equatorial Guinea;GNQ;Equatorial Guinea;0,0;0,0;;;;0,0;0,0;;;;5,43745;-1,37183;8398,0;304133,0;GNQ;;;226;;;226;;
320;-4,5;7,5;856310;8476,0;Gabonese Exclusive Economic Zone;2104,0;200NM;2104,0;Gabon;GAB;Gabon;0,0;0,0;;;;0,0;0,0;;;;8,73897;-3,06254;8476,0;201759,0;GAB;;;266;;;266;;
321;-4,5;8,5;901690;8476,0;Gabonese Exclusive Economic Zone;2104,0;200NM;2104,0;Gabon;GAB;Gabon;0,0;0,0;;;;0,0;0,0;;;;8,73897;-3,06254;8476,0;201759,0;GAB;;;266;;;266;;
322;-4,5;9,5;808120;8476,0;Gabonese Exclusive Economic Zone;2104,0;200NM;2104,0;Gabon;GAB;Gabon;0,0;0,0;;;;0,0;0,0;;;;8,73897;-3,06254;8476,0;201759,0;GAB;;;266;;;266;;
323;-4,5;10,5;209600;8476,0;Gabonese Exclusive Economic Zone;2104,0;200NM;2104,0;Gabon;GAB;Gabon;0,0;0,0;;;;0,0;0,0;;;;8,73897;-3,06254;8476,0;201759,0;GAB;;;266;;;266;;
356;-3,5;3,5;75520;8398,0;Equatorial Guinean Exclusive Economic Zone;2112,0;200NM;2112,0;Equatorial Guinea;GNQ;Equatorial Guinea;0,0;0,0;;;;0,0;0,0;;;;5,43745;-1,37183;8398,0;304133,0;GNQ;;;226;;;226;;
357;-3,5;4,5;307070;8398,0;Equatorial Guinean Exclusive Economic Zone;2112,0;200NM;2112,0;Equatorial Guinea;GNQ;Equatorial Guinea;0,0;0,0;;;;0,0;0,0;;;;5,43745;-1,37183;8398,0;304133,0;GNQ;;;226;;;226;;
358;-3,5;5,5;36740;8398,0;Equatorial Guinean Exclusive Economic Zone;2112,0;200NM;2112,0;Equatorial Guinea;GNQ;Equatorial Guinea;0,0;0,0;;;;0,0;0,0;;;;5,43745;-1,37183;8398,0;304133,0;GNQ;;;226;;;226;;
359;-3,5;6,5;716240;8398,0;Equatorial Guinean Exclusive Economic Zone;2112,0;200NM;2112,0;Equatorial Guinea;GNQ;Equatorial Guinea;0,0;0,0;;;;0,0;0,0;;;;5,43745;-1,37183;8398,0;304133,0;GNQ;;;226;;;226;;
360;-3,5;7,5;2664840;8476,0;Gabonese Exclusive Economic Zone;2104,0;200NM;2104,0;Gabon;GAB;Gabon;0,0;0,0;;;;0,0;0,0;;;;8,73897;-3,06254;8476,0;201759,0;GAB;;;266;;;266;;
361;-3,5;8,5;3832830;8476,0;Gabonese Exclusive Economic Zone;2104,0;200NM;2104,0;Gabon;GAB;Gabon;0,0;0,0;;;;0,0;0,0;;;;8,73897;-3,06254;8476,0;201759,0;GAB;;;266;;;266;;
362;-3,5;9,5;5275560;8476,0;Gabonese Exclusive Economic Zone;2104,0;200NM;2104,0;Gabon;GAB;Gabon;0,0;0,0;;;;0,0;0,0;;;;8,73897;-3,06254;8476,0;201759,0;GAB;;;266;;;266;;
363;-3,5;10,5;146630;8476,0;Gabonese Exclusive Economic Zone;2104,0;200NM;2104,0;Gabon;GAB;Gabon;0,0;0,0;;;;0,0;0,0;;;;8,73897;-3,06254;8476,0;201759,0;GAB;;;266;;;266;;
394;-2,5;2,5;367030;8398,0;Equatorial Guinean Exclusive Economic Zone;2112,0;200NM;2112,0;Equatorial Guinea;GNQ;Equatorial Guinea;0,0;0,0;;;;0,0;0,0;;;;5,43745;-1,37183;8398,0;304133,0;GNQ;;;226;;;226;;
395;-2,5;4,5;27600;8398,0;Equatorial Guinean Exclusive Economic Zone;2112,0;200NM;2112,0;Equatorial Guinea;GNQ;Equatorial Guinea;0,0;0,0;;;;0,0;0,0;;;;5,43745;-1,37183;8398,0;304133,0;GNQ;;;226;;;226;;
396;-2,5;5,5;4710;8398,0;Equatorial Guinean Exclusive Economic Zone;2112,0;200NM;2112,0;Equatorial Guinea;GNQ;Equatorial Guinea;0,0;0,0;;;;0,0;0,0;;;;5,43745;-1,37183;8398,0;304133,0;GNQ;;;226;;;226;;
397;-2,5;6,5;323200;8398,0;Equatorial Guinean Exclusive Economic Zone;2112,0;200NM;2112,0;Equatorial Guinea;GNQ;Equatorial Guinea;0,0;0,0;;;;0,0;0,0;;;;5,43745;-1,37183;8398,0;304133,0;GNQ;;;226;;;226;;
398;-2,5;7,5;1958100;8476,0;Gabonese Exclusive Economic Zone;2104,0;200NM;2104,0;Gabon;GAB;Gabon;0,0;0,0;;;;0,0;0,0;;;;8,73897;-3,06254;8476,0;201759,0;GAB;;;266;;;266;;
399;-2,5;8,5;5844000;8476,0;Gabonese Exclusive Economic Zone;2104,0;200NM;2104,0;Gabon;GAB;Gabon;0,0;0,0;;;;0,0;0,0;;;;8,73897;-3,06254;8476,0;201759,0;GAB;;;266;;;266;;
400;-2,5;9,5;658520;8476,0;Gabonese Exclusive Economic Zone;2104,0;200NM;2104,0;Gabon;GAB;Gabon;0,0;0,0;;;;0,0;0,0;;;;8,73897;-3,06254;8476,0;201759,0;GAB;;;266;;;266;;
430;-1,5;3,5;607750;8398,0;Equatorial Guinean Exclusive Economic Zone;2112,0;200NM;2112,0;Equatorial Guinea;GNQ;Equatorial Guinea;0,0;0,0;;;;0,0;0,0;;;;5,43745;-1,37183;8398,0;304133,0;GNQ;;;226;;;226;;
431;-1,5;4,5;26950;8398,0;Equatorial Guinean Exclusive Economic Zone;2112,0;200NM;2112,0;Equatorial Guinea;GNQ;Equatorial Guinea;0,0;0,0;;;;0,0;0,0;;;;5,43745;-1,37183;8398,0;304133,0;GNQ;;;226;;;226;;
432;-1,5;5,5;19200;8398,0;Equatorial Guinean Exclusive Economic Zone;2112,0;200NM;2112,0;Equatorial Guinea;GNQ;Equatorial Guinea;0,0;0,0;;;;0,0;0,0;;;;5,43745;-1,37183;8398,0;304133,0;GNQ;;;226;;;226;;
433;-1,5;6,5;251810;8398,0;Equatorial Guinean Exclusive Economic Zone;2112,0;200NM;2112,0;Equatorial Guinea;GNQ;Equatorial Guinea;0,0;0,0;;;;0,0;0,0;;;;5,43745;-1,37183;8398,0;304133,0;GNQ;;;226;;;226;;
434;-1,5;7,5;3836930;8476,0;Gabonese Exclusive Economic Zone;2104,0;200NM;2104,0;Gabon;GAB;Gabon;0,0;0,0;;;;0,0;0,0;;;;8,73897;-3,06254;8476,0;201759,0;GAB;;;266;;;266;;
435;-1,5;8,5;5294800;8476,0;Gabonese Exclusive Economic Zone;2104,0;200NM;2104,0;Gabon;GAB;Gabon;0,0;0,0;;;;0,0;0,0;;;;8,73897;-3,06254;8476,0;201759,0;GAB;;;266;;;266;;
461;-0,5;2,5;726860;8398,0;Equatorial Guinean Exclusive Economic Zone;2112,0;200NM;2112,0;Equatorial Guinea;GNQ;Equatorial Guinea;0,0;0,0;;;;0,0;0,0;;;;5,43745;-1,37183;8398,0;304133,0;GNQ;;;226;;;226;;
462;-0,5;3,5;550430;8398,0;Equatorial Guinean Exclusive Economic Zone;2112,0;200NM;2112,0;Equatorial Guinea;GNQ;Equatorial Guinea;0,0;0,0;;;;0,0;0,0;;;;5,43745;-1,37183;8398,0;304133,0;GNQ;;;226;;;226;;
463;-0,5;4,5;41400;8398,0;Equatorial Guinean Exclusive Economic Zone;2112,0;200NM;2112,0;Equatorial Guinea;GNQ;Equatorial Guinea;0,0;0,0;;;;0,0;0,0;;;;5,43745;-1,37183;8398,0;304133,0;GNQ;;;226;;;226;;
464;-0,5;5,5;365460;8398,0;Equatorial Guinean Exclusive Economic Zone;2112,0;200NM;2112,0;Equatorial Guinea;GNQ;Equatorial Guinea;0,0;0,0;;;;0,0;0,0;;;;5,43745;-1,37183;8398,0;304133,0;GNQ;;;226;;;226;;
465;-0,5;6,5;804990;8397,0;Sao Tome and Principe Exclusive Economic Zone;2238,0;200NM;2238,0;Sao Tome and Principe;STP;Sao Tome and Principe;0,0;0,0;;;;0,0;0,0;;;;6,35335;0,7791;8397,0;130844,0;STP;;;678;;;678;;
466;-0,5;7,5;1886040;8397,0;Sao Tome and Principe Exclusive Economic Zone;2238,0;200NM;2238,0;Sao Tome and Principe;STP;Sao Tome and Principe;0,0;0,0;;;;0,0;0,0;;;;6,35335;0,7791;8397,0;130844,0;STP;;;678;;;678;;
467;-0,5;8,5;1123740;8476,0;Gabonese Exclusive Economic Zone;2104,0;200NM;2104,0;Gabon;GAB;Gabon;0,0;0,0;;;;0,0;0,0;;;;8,73897;-3,06254;8476,0;201759,0;GAB;;;266;;;266;;
499;0,5;3,5;92380;8398,0;Equatorial Guinean Exclusive Economic Zone;2112,0;200NM;2112,0;Equatorial Guinea;GNQ;Equatorial Guinea;0,0;0,0;;;;0,0;0,0;;;;5,43745;-1,37183;8398,0;304133,0;GNQ;;;226;;;226;;
500;0,5;4,5;1452970;8397,0;Sao Tome and Principe Exclusive Economic Zone;2238,0;200NM;2238,0;Sao Tome and Principe;STP;Sao Tome and Principe;0,0;0,0;;;;0,0;0,0;;;;6,35335;0,7791;8397,0;130844,0;STP;;;678;;;678;;
501;0,5;5,5;2033100;8397,0;Sao Tome and Principe Exclusive Economic Zone;2238,0;200NM;2238,0;Sao Tome and Principe;STP;Sao Tome and Principe;0,0;0,0;;;;0,0;0,0;;;;6,35335;0,7791;8397,0;130844,0;STP;;;678;;;678;;
502;0,5;6,5;458100;8397,0;Sao Tome and Principe Exclusive Economic Zone;2238,0;200NM;2238,0;Sao Tome and Principe;STP;Sao Tome and Principe;0,0;0,0;;;;0,0;0,0;;;;6,35335;0,7791;8397,0;130844,0;STP;;;678;;;678;;
503;0,5;7,5;593400;8397,0;Sao Tome and Principe Exclusive Economic Zone;2238,0;200NM;2238,0;Sao Tome and Principe;STP;Sao Tome and Principe;0,0;0,0;;;;0,0;0,0;;;;6,35335;0,7791;8397,0;130844,0;STP;;;678;;;678;;
504;0,5;8,5;362410;8476,0;Gabonese Exclusive Economic Zone;2104,0;200NM;2104,0;Gabon;GAB;Gabon;0,0;0,0;;;;0,0;0,0;;;;8,73897;-3,06254;8476,0;201759,0;GAB;;;266;;;266;;
524;1,5;-9,5;743210;8391,0;Liberian Exclusive Economic Zone;2105,0;200NM;2105,0;Liberia;LBR;Liberia;0,0;0,0;;;;0,0;0,0;;;;-10,17763;3,8028;8391,0;251781,0;LBR;;;430;;;430;;
525;1,5;-8,5;129320;8391,0;Liberian Exclusive Economic Zone;2105,0;200NM;2105,0;Liberia;LBR;Liberia;0,0;0,0;;;;0,0;0,0;;;;-10,17763;3,8028;8391,0;251781,0;LBR;;;430;;;430;;
526;1,5;-7,5;1064740;8391,0;Liberian Exclusive Economic Zone;2105,0;200NM;2105,0;Liberia;LBR;Liberia;0,0;0,0;;;;0,0;0,0;;;;-10,17763;3,8028;8391,0;251781,0;LBR;;;430;;;430;;
527;1,5;-6,5;1639010;8473,0;Ivory Coast Exclusive Economic Zone;2161,0;200NM;2161,0;Ivory Coast;CIV;Ivory Coast;0,0;0,0;;;;0,0;0,0;;;;-5,45221;3,30891;8473,0;171760,0;CIV;;;384;;;384;;
531;1,5;-2,5;667030;8400,0;Ghanaian Exclusive Economic Zone;2100,0;200NM;2100,0;Ghana;GHA;Ghana;0,0;0,0;;;;0,0;0,0;;;;-0,85027;3,50201;8400,0;227500,0;GHA;;;288;;;288;;
532;1,5;-1,5;495600;8400,0;Ghanaian Exclusive Economic Zone;2100,0;200NM;2100,0;Ghana;GHA;Ghana;0,0;0,0;;;;0,0;0,0;;;;-0,85027;3,50201;8400,0;227500,0;GHA;;;288;;;288;;
537;1,5;3,5;1367530;8397,0;Sao Tome and Principe Exclusive Economic Zone;2238,0;200NM;2238,0;Sao Tome and Principe;STP;Sao Tome and Principe;0,0;0,0;;;;0,0;0,0;;;;6,35335;0,7791;8397,0;130844,0;STP;;;678;;;678;;
538;1,5;4,5;611780;21797,0;Joint regime area Nigeria / Sao Tome and Principe;2238,0;Joint regime;2238,0;Sao Tome and Principe;STP;Sao Tome and Principe;2253,0;2253,0;Nigeria;NGA;Nigeria;0,0;0,0;;;;5,58699;2,0676;21797,0;34534,0;STP;NGA;;678;566;;678;566;
539;1,5;5,5;233940;21797,0;Joint regime area Nigeria / Sao Tome and Principe;2238,0;Joint regime;2238,0;Sao Tome and Principe;STP;Sao Tome and Principe;2253,0;2253,0;Nigeria;NGA;Nigeria;0,0;0,0;;;;5,58699;2,0676;21797,0;34534,0;STP;NGA;;678;566;;678;566;
540;1,5;6,5;16040;8397,0;Sao Tome and Principe Exclusive Economic Zone;2238,0;200NM;2238,0;Sao Tome and Principe;STP;Sao Tome and Principe;0,0;0,0;;;;0,0;0,0;;;;6,35335;0,7791;8397,0;130844,0;STP;;;678;;;678;;
541;1,5;7,5;132400;8397,0;Sao Tome and Principe Exclusive Economic Zone;2238,0;200NM;2238,0;Sao Tome and Principe;STP;Sao Tome and Principe;0,0;0,0;;;;0,0;0,0;;;;6,35335;0,7791;8397,0;130844,0;STP;;;678;;;678;;
542;1,5;8,5;173210;8398,0;Equatorial Guinean Exclusive Economic Zone;2112,0;200NM;2112,0;Equatorial Guinea;GNQ;Equatorial Guinea;0,0;0,0;;;;0,0;0,0;;;;5,43745;-1,37183;8398,0;304133,0;GNQ;;;226;;;226;;
548;2,5;-26,5;40770;8464,0;Brazilian Exclusive Economic Zone;2143,0;200NM;2143,0;Brazil;BRA;Brazil;0,0;0,0;;;;0,0;0,0;;;;-39,44423;-11,09799;8464,0;3205183,0;BRA;;;76;;;76;;
564;2,5;-10,5;721300;8391,0;Liberian Exclusive Economic Zone;2105,0;200NM;2105,0;Liberia;LBR;Liberia;0,0;0,0;;;;0,0;0,0;;;;-10,17763;3,8028;8391,0;251781,0;LBR;;;430;;;430;;
565;2,5;-9,5;306560;8391,0;Liberian Exclusive Economic Zone;2105,0;200NM;2105,0;Liberia;LBR;Liberia;0,0;0,0;;;;0,0;0,0;;;;-10,17763;3,8028;8391,0;251781,0;LBR;;;430;;;430;;
566;2,5;-8,5;370890;8391,0;Liberian Exclusive Economic Zone;2105,0;200NM;2105,0;Liberia;LBR;Liberia;0,0;0,0;;;;0,0;0,0;;;;-10,17763;3,8028;8391,0;251781,0;LBR;;;430;;;430;;
567;2,5;-7,5;796510;8391,0;Liberian Exclusive Economic Zone;2105,0;200NM;2105,0;Liberia;LBR;Liberia;0,0;0,0;;;;0,0;0,0;;;;-10,17763;3,8028;8391,0;251781,0;LBR;;;430;;;430;;
568;2,5;-6,5;730810;8473,0;Ivory Coast Exclusive Economic Zone;2161,0;200NM;2161,0;Ivory Coast;CIV;Ivory Coast;0,0;0,0;;;;0,0;0,0;;;;-5,45221;3,30891;8473,0;171760,0;CIV;;;384;;;384;;
569;2,5;-5,5;861610;8473,0;Ivory Coast Exclusive Economic Zone;2161,0;200NM;2161,0;Ivory Coast;CIV;Ivory Coast;0,0;0,0;;;;0,0;0,0;;;;-5,45221;3,30891;8473,0;171760,0;CIV;;;384;;;384;;
570;2,5;-4,5;582850;8473,0;Ivory Coast Exclusive Economic Zone;2161,0;200NM;2161,0;Ivory Coast;CIV;Ivory Coast;0,0;0,0;;;;0,0;0,0;;;;-5,45221;3,30891;8473,0;171760,0;CIV;;;384;;;384;;
571;2,5;-3,5;473870;8400,0;Ghanaian Exclusive Economic Zone;2100,0;200NM;2100,0;Ghana;GHA;Ghana;0,0;0,0;;;;0,0;0,0;;;;-0,85027;3,50201;8400,0;227500,0;GHA;;;288;;;288;;
572;2,5;-2,5;395930;8400,0;Ghanaian Exclusive Economic Zone;2100,0;200NM;2100,0;Ghana;GHA;Ghana;0,0;0,0;;;;0,0;0,0;;;;-0,85027;3,50201;8400,0;227500,0;GHA;;;288;;;288;;
573;2,5;-1,5;413720;8400,0;Ghanaian Exclusive Economic Zone;2100,0;200NM;2100,0;Ghana;GHA;Ghana;0,0;0,0;;;;0,0;0,0;;;;-0,85027;3,50201;8400,0;227500,0;GHA;;;288;;;288;;
574;2,5;-0,5;554530;8400,0;Ghanaian Exclusive Economic Zone;2100,0;200NM;2100,0;Ghana;GHA;Ghana;0,0;0,0;;;;0,0;0,0;;;;-0,85027;3,50201;8400,0;227500,0;GHA;;;288;;;288;;
575;2,5;0,5;82810;8400,0;Ghanaian Exclusive Economic Zone;2100,0;200NM;2100,0;Ghana;GHA;Ghana;0,0;0,0;;;;0,0;0,0;;;;-0,85027;3,50201;8400,0;227500,0;GHA;;;288;;;288;;
576;2,5;1,5;173530;8400,0;Ghanaian Exclusive Economic Zone;2100,0;200NM;2100,0;Ghana;GHA;Ghana;0,0;0,0;;;;0,0;0,0;;;;-0,85027;3,50201;8400,0;227500,0;GHA;;;288;;;288;;
578;2,5;3,5;19580;8474,0;Nigerian Exclusive Economic Zone;2253,0;200NM;2253,0;Nigeria;NGA;Nigeria;0,0;0,0;;;;0,0;0,0;;;;4,82275;4,08512;8474,0;179048,0;NGA;;;566;;;566;;
579;2,5;6,5;1820;21797,0;Joint regime area Nigeria / Sao Tome and Principe;2238,0;Joint regime;2238,0;Sao Tome and Principe;STP;Sao Tome and Principe;2253,0;2253,0;Nigeria;NGA;Nigeria;0,0;0,0;;;;5,58699;2,0676;21797,0;34534,0;STP;NGA;;678;566;;678;566;
580;2,5;7,5;4950;8397,0;Sao Tome and Principe Exclusive Economic Zone;2238,0;200NM;2238,0;Sao Tome and Principe;STP;Sao Tome and Principe;0,0;0,0;;;;0,0;0,0;;;;6,35335;0,7791;8397,0;130844,0;STP;;;678;;;678;;
581;2,5;8,5;25310;8398,0;Equatorial Guinean Exclusive Economic Zone;2112,0;200NM;2112,0;Equatorial Guinea;GNQ;Equatorial Guinea;0,0;0,0;;;;0,0;0,0;;;;5,43745;-1,37183;8398,0;304133,0;GNQ;;;226;;;226;;
604;3,5;-12,5;133320;8391,0;Liberian Exclusive Economic Zone;2105,0;200NM;2105,0;Liberia;LBR;Liberia;0,0;0,0;;;;0,0;0,0;;;;-10,17763;3,8028;8391,0;251781,0;LBR;;;430;;;430;;
605;3,5;-11,5;172040;8391,0;Liberian Exclusive Economic Zone;2105,0;200NM;2105,0;Liberia;LBR;Liberia;0,0;0,0;;;;0,0;0,0;;;;-10,17763;3,8028;8391,0;251781,0;LBR;;;430;;;430;;
606;3,5;-10,5;378900;8391,0;Liberian Exclusive Economic Zone;2105,0;200NM;2105,0;Liberia;LBR;Liberia;0,0;0,0;;;;0,0;0,0;;;;-10,17763;3,8028;8391,0;251781,0;LBR;;;430;;;430;;
607;3,5;-9,5;264910;8391,0;Liberian Exclusive Economic Zone;2105,0;200NM;2105,0;Liberia;LBR;Liberia;0,0;0,0;;;;0,0;0,0;;;;-10,17763;3,8028;8391,0;251781,0;LBR;;;430;;;430;;
608;3,5;-8,5;289240;8391,0;Liberian Exclusive Economic Zone;2105,0;200NM;2105,0;Liberia;LBR;Liberia;0,0;0,0;;;;0,0;0,0;;;;-10,17763;3,8028;8391,0;251781,0;LBR;;;430;;;430;;
609;3,5;-7,5;212830;8391,0;Liberian Exclusive Economic Zone;2105,0;200NM;2105,0;Liberia;LBR;Liberia;0,0;0,0;;;;0,0;0,0;;;;-10,17763;3,8028;8391,0;251781,0;LBR;;;430;;;430;;
610;3,5;-6,5;429840;8473,0;Ivory Coast Exclusive Economic Zone;2161,0;200NM;2161,0;Ivory Coast;CIV;Ivory Coast;0,0;0,0;;;;0,0;0,0;;;;-5,45221;3,30891;8473,0;171760,0;CIV;;;384;;;384;;
611;3,5;-5,5;603580;8473,0;Ivory Coast Exclusive Economic Zone;2161,0;200NM;2161,0;Ivory Coast;CIV;Ivory Coast;0,0;0,0;;;;0,0;0,0;;;;-5,45221;3,30891;8473,0;171760,0;CIV;;;384;;;384;;
612;3,5;-4,5;380440;8473,0;Ivory Coast Exclusive Economic Zone;2161,0;200NM;2161,0;Ivory Coast;CIV;Ivory Coast;0,0;0,0;;;;0,0;0,0;;;;-5,45221;3,30891;8473,0;171760,0;CIV;;;384;;;384;;
613;3,5;-3,5;441360;8473,0;Ivory Coast Exclusive Economic Zone;2161,0;200NM;2161,0;Ivory Coast;CIV;Ivory Coast;0,0;0,0;;;;0,0;0,0;;;;-5,45221;3,30891;8473,0;171760,0;CIV;;;384;;;384;;
614;3,5;-2,5;567930;8400,0;Ghanaian Exclusive Economic Zone;2100,0;200NM;2100,0;Ghana;GHA;Ghana;0,0;0,0;;;;0,0;0,0;;;;-0,85027;3,50201;8400,0;227500,0;GHA;;;288;;;288;;
615;3,5;-1,5;306530;8400,0;Ghanaian Exclusive Economic Zone;2100,0;200NM;2100,0;Ghana;GHA;Ghana;0,0;0,0;;;;0,0;0,0;;;;-0,85027;3,50201;8400,0;227500,0;GHA;;;288;;;288;;
616;3,5;-0,5;200920;8400,0;Ghanaian Exclusive Economic Zone;2100,0;200NM;2100,0;Ghana;GHA;Ghana;0,0;0,0;;;;0,0;0,0;;;;-0,85027;3,50201;8400,0;227500,0;GHA;;;288;;;288;;
617;3,5;0,5;208950;8400,0;Ghanaian Exclusive Economic Zone;2100,0;200NM;2100,0;Ghana;GHA;Ghana;0,0;0,0;;;;0,0;0,0;;;;-0,85027;3,50201;8400,0;227500,0;GHA;;;288;;;288;;
618;3,5;1,5;353960;8400,0;Ghanaian Exclusive Economic Zone;2100,0;200NM;2100,0;Ghana;GHA;Ghana;0,0;0,0;;;;0,0;0,0;;;;-0,85027;3,50201;8400,0;227500,0;GHA;;;288;;;288;;
638;4,5;-13,5;76840;8390,0;Sierra Leonian Exclusive Economic Zone;2191,0;200NM;2191,0;Sierra Leone;SLE;Sierra Leone;0,0;0,0;;;;0,0;0,0;;;;-14,14468;6,63541;8390,0;160584,0;SLE;;;694;;;694;;
639;4,5;-12,5;93610;8391,0;Liberian Exclusive Economic Zone;2105,0;200NM;2105,0;Liberia;LBR;Liberia;0,0;0,0;;;;0,0;0,0;;;;-10,17763;3,8028;8391,0;251781,0;LBR;;;430;;;430;;
640;4,5;-11,5;60330;8391,0;Liberian Exclusive Economic Zone;2105,0;200NM;2105,0;Liberia;LBR;Liberia;0,0;0,0;;;;0,0;0,0;;;;-10,17763;3,8028;8391,0;251781,0;LBR;;;430;;;430;;
641;4,5;-10,5;610330;8391,0;Liberian Exclusive Economic Zone;2105,0;200NM;2105,0;Liberia;LBR;Liberia;0,0;0,0;;;;0,0;0,0;;;;-10,17763;3,8028;8391,0;251781,0;LBR;;;430;;;430;;
642;4,5;-9,5;595370;8391,0;Liberian Exclusive Economic Zone;2105,0;200NM;2105,0;Liberia;LBR;Liberia;0,0;0,0;;;;0,0;0,0;;;;-10,17763;3,8028;8391,0;251781,0;LBR;;;430;;;430;;
643;4,5;-8,5;113580;8391,0;Liberian Exclusive Economic Zone;2105,0;200NM;2105,0;Liberia;LBR;Liberia;0,0;0,0;;;;0,0;0,0;;;;-10,17763;3,8028;8391,0;251781,0;LBR;;;430;;;430;;
645;4,5;-6,5;57560;8473,0;Ivory Coast Exclusive Economic Zone;2161,0;200NM;2161,0;Ivory Coast;CIV;Ivory Coast;0,0;0,0;;;;0,0;0,0;;;;-5,45221;3,30891;8473,0;171760,0;CIV;;;384;;;384;;
646;4,5;-5,5;205490;8473,0;Ivory Coast Exclusive Economic Zone;2161,0;200NM;2161,0;Ivory Coast;CIV;Ivory Coast;0,0;0,0;;;;0,0;0,0;;;;-5,45221;3,30891;8473,0;171760,0;CIV;;;384;;;384;;
647;4,5;-4,5;453140;8473,0;Ivory Coast Exclusive Economic Zone;2161,0;200NM;2161,0;Ivory Coast;CIV;Ivory Coast;0,0;0,0;;;;0,0;0,0;;;;-5,45221;3,30891;8473,0;171760,0;CIV;;;384;;;384;;
648;4,5;-3,5;423290;8473,0;Ivory Coast Exclusive Economic Zone;2161,0;200NM;2161,0;Ivory Coast;CIV;Ivory Coast;0,0;0,0;;;;0,0;0,0;;;;-5,45221;3,30891;8473,0;171760,0;CIV;;;384;;;384;;
649;4,5;-2,5;129100;8400,0;Ghanaian Exclusive Economic Zone;2100,0;200NM;2100,0;Ghana;GHA;Ghana;0,0;0,0;;;;0,0;0,0;;;;-0,85027;3,50201;8400,0;227500,0;GHA;;;288;;;288;;
650;4,5;-1,5;52740;8400,0;Ghanaian Exclusive Economic Zone;2100,0;200NM;2100,0;Ghana;GHA;Ghana;0,0;0,0;;;;0,0;0,0;;;;-0,85027;3,50201;8400,0;227500,0;GHA;;;288;;;288;;
651;4,5;-0,5;82290;8400,0;Ghanaian Exclusive Economic Zone;2100,0;200NM;2100,0;Ghana;GHA;Ghana;0,0;0,0;;;;0,0;0,0;;;;-0,85027;3,50201;8400,0;227500,0;GHA;;;288;;;288;;
652;4,5;0,5;16280;8400,0;Ghanaian Exclusive Economic Zone;2100,0;200NM;2100,0;Ghana;GHA;Ghana;0,0;0,0;;;;0,0;0,0;;;;-0,85027;3,50201;8400,0;227500,0;GHA;;;288;;;288;;
653;4,5;1,5;170270;8400,0;Ghanaian Exclusive Economic Zone;2100,0;200NM;2100,0;Ghana;GHA;Ghana;0,0;0,0;;;;0,0;0,0;;;;-0,85027;3,50201;8400,0;227500,0;GHA;;;288;;;288;;
670;5,5;-15,5;99420;8390,0;Sierra Leonian Exclusive Economic Zone;2191,0;200NM;2191,0;Sierra Leone;SLE;Sierra Leone;0,0;0,0;;;;0,0;0,0;;;;-14,14468;6,63541;8390,0;160584,0;SLE;;;694;;;694;;
671;5,5;-14,5;115360;8390,0;Sierra Leonian Exclusive Economic Zone;2191,0;200NM;2191,0;Sierra Leone;SLE;Sierra Leone;0,0;0,0;;;;0,0;0,0;;;;-14,14468;6,63541;8390,0;160584,0;SLE;;;694;;;694;;
672;5,5;-13,5;461750;8390,0;Sierra Leonian Exclusive Economic Zone;2191,0;200NM;2191,0;Sierra Leone;SLE;Sierra Leone;0,0;0,0;;;;0,0;0,0;;;;-14,14468;6,63541;8390,0;160584,0;SLE;;;694;;;694;;
673;5,5;-12,5;230940;8391,0;Liberian Exclusive Economic Zone;2105,0;200NM;2105,0;Liberia;LBR;Liberia;0,0;0,0;;;;0,0;0,0;;;;-10,17763;3,8028;8391,0;251781,0;LBR;;;430;;;430;;
674;5,5;-11,5;556960;8391,0;Liberian Exclusive Economic Zone;2105,0;200NM;2105,0;Liberia;LBR;Liberia;0,0;0,0;;;;0,0;0,0;;;;-10,17763;3,8028;8391,0;251781,0;LBR;;;430;;;430;;
675;5,5;-10,5;494630;8391,0;Liberian Exclusive Economic Zone;2105,0;200NM;2105,0;Liberia;LBR;Liberia;0,0;0,0;;;;0,0;0,0;;;;-10,17763;3,8028;8391,0;251781,0;LBR;;;430;;;430;;
677;5,5;0,5;27110;8400,0;Ghanaian Exclusive Economic Zone;2100,0;200NM;2100,0;Ghana;GHA;Ghana;0,0;0,0;;;;0,0;0,0;;;;-0,85027;3,50201;8400,0;227500,0;GHA;;;288;;;288;;
694;6,5;-15,5;365520;8390,0;Sierra Leonian Exclusive Economic Zone;2191,0;200NM;2191,0;Sierra Leone;SLE;Sierra Leone;0,0;0,0;;;;0,0;0,0;;;;-14,14468;6,63541;8390,0;160584,0;SLE;;;694;;;694;;
695;6,5;-14,5;654110;8390,0;Sierra Leonian Exclusive Economic Zone;2191,0;200NM;2191,0;Sierra Leone;SLE;Sierra Leone;0,0;0,0;;;;0,0;0,0;;;;-14,14468;6,63541;8390,0;160584,0;SLE;;;694;;;694;;
696;6,5;-13,5;1123320;8390,0;Sierra Leonian Exclusive Economic Zone;2191,0;200NM;2191,0;Sierra Leone;SLE;Sierra Leone;0,0;0,0;;;;0,0;0,0;;;;-14,14468;6,63541;8390,0;160584,0;SLE;;;694;;;694;;
697;6,5;-12,5;2136980;8390,0;Sierra Leonian Exclusive Economic Zone;2191,0;200NM;2191,0;Sierra Leone;SLE;Sierra Leone;0,0;0,0;;;;0,0;0,0;;;;-14,14468;6,63541;8390,0;160584,0;SLE;;;694;;;694;;
698;6,5;-11,5;681960;8391,0;Liberian Exclusive Economic Zone;2105,0;200NM;2105,0;Liberia;LBR;Liberia;0,0;0,0;;;;0,0;0,0;;;;-10,17763;3,8028;8391,0;251781,0;LBR;;;430;;;430;;
712;7,5;-16,5;395660;8390,0;Sierra Leonian Exclusive Economic Zone;2191,0;200NM;2191,0;Sierra Leone;SLE;Sierra Leone;0,0;0,0;;;;0,0;0,0;;;;-14,14468;6,63541;8390,0;160584,0;SLE;;;694;;;694;;
713;7,5;-15,5;1348110;8390,0;Sierra Leonian Exclusive Economic Zone;2191,0;200NM;2191,0;Sierra Leone;SLE;Sierra Leone;0,0;0,0;;;;0,0;0,0;;;;-14,14468;6,63541;8390,0;160584,0;SLE;;;694;;;694;;
714;7,5;-14,5;3044920;8390,0;Sierra Leonian Exclusive Economic Zone;2191,0;200NM;2191,0;Sierra Leone;SLE;Sierra Leone;0,0;0,0;;;;0,0;0,0;;;;-14,14468;6,63541;8390,0;160584,0;SLE;;;694;;;694;;
715;7,5;-13,5;760980;8390,0;Sierra Leonian Exclusive Economic Zone;2191,0;200NM;2191,0;Sierra Leone;SLE;Sierra Leone;0,0;0,0;;;;0,0;0,0;;;;-14,14468;6,63541;8390,0;160584,0;SLE;;;694;;;694;;
735;8,5;-16,5;534160;8472,0;Guinean Exclusive Economic Zone;2122,0;200NM;2122,0;Guinea;GIN;Guinea;0,0;0,0;;;;0,0;0,0;;;;-15,62051;9,18114;8472,0;102163,0;GIN;;;324;;;324;;
736;8,5;-15,5;437010;8472,0;Guinean Exclusive Economic Zone;2122,0;200NM;2122,0;Guinea;GIN;Guinea;0,0;0,0;;;;0,0;0,0;;;;-15,62051;9,18114;8472,0;102163,0;GIN;;;324;;;324;;
737;8,5;-14,5;1749270;8472,0;Guinean Exclusive Economic Zone;2122,0;200NM;2122,0;Guinea;GIN;Guinea;0,0;0,0;;;;0,0;0,0;;;;-15,62051;9,18114;8472,0;102163,0;GIN;;;324;;;324;;
752;9,5;-18,5;149900;8471,0;Guinea Bissau Exclusive Economic Zone;8685,0;200NM;8685,0;Guinea-Bissau;GNB;Guinea-Bissau;0,0;0,0;;;;0,0;0,0;;;;-17,5672;10,58066;8471,0;106870,0;GNB;;;624;;;624;;
753;9,5;-17,5;554800;8471,0;Guinea Bissau Exclusive Economic Zone;8685,0;200NM;8685,0;Guinea-Bissau;GNB;Guinea-Bissau;0,0;0,0;;;;0,0;0,0;;;;-17,5672;10,58066;8471,0;106870,0;GNB;;;624;;;624;;
754;9,5;-16,5;323460;8472,0;Guinean Exclusive Economic Zone;2122,0;200NM;2122,0;Guinea;GIN;Guinea;0,0;0,0;;;;0,0;0,0;;;;-15,62051;9,18114;8472,0;102163,0;GIN;;;324;;;324;;
755;9,5;-15,5;257240;8472,0;Guinean Exclusive Economic Zone;2122,0;200NM;2122,0;Guinea;GIN;Guinea;0,0;0,0;;;;0,0;0,0;;;;-15,62051;9,18114;8472,0;102163,0;GIN;;;324;;;324;;
771;10,5;-19,5;509960;8471,0;Guinea Bissau Exclusive Economic Zone;8685,0;200NM;8685,0;Guinea-Bissau;GNB;Guinea-Bissau;0,0;0,0;;;;0,0;0,0;;;;-17,5672;10,58066;8471,0;106870,0;GNB;;;624;;;624;;
771;10,5;-19,5;509960;48964,0;Joint regime area Senegal / Guinea Bissau;2225,0;Joint regime;2225,0;Senegal;SEN;Senegal;8685,0;8685,0;Guinea-Bissau;GNB;Guinea-Bissau;0,0;0,0;;;;-18,77443;11,261;48964,0;63460,0;SEN;GNB;;686;624;;686;624;
772;10,5;-18,5;197440;8471,0;Guinea Bissau Exclusive Economic Zone;8685,0;200NM;8685,0;Guinea-Bissau;GNB;Guinea-Bissau;0,0;0,0;;;;0,0;0,0;;;;-17,5672;10,58066;8471,0;106870,0;GNB;;;624;;;624;;
772;10,5;-18,5;197440;48964,0;Joint regime area Senegal / Guinea Bissau;2225,0;Joint regime;2225,0;Senegal;SEN;Senegal;8685,0;8685,0;Guinea-Bissau;GNB;Guinea-Bissau;0,0;0,0;;;;-18,77443;11,261;48964,0;63460,0;SEN;GNB;;686;624;;686;624;
773;10,5;-17,5;342960;8471,0;Guinea Bissau Exclusive Economic Zone;8685,0;200NM;8685,0;Guinea-Bissau;GNB;Guinea-Bissau;0,0;0,0;;;;0,0;0,0;;;;-17,5672;10,58066;8471,0;106870,0;GNB;;;624;;;624;;
774;10,5;-16,5;141170;8471,0;Guinea Bissau Exclusive Economic Zone;8685,0;200NM;8685,0;Guinea-Bissau;GNB;Guinea-Bissau;0,0;0,0;;;;0,0;0,0;;;;-17,5672;10,58066;8471,0;106870,0;GNB;;;624;;;624;;
785;11,5;-24,5;491200;8362,0;Cape Verdean Exclusive Economic Zone;2168,0;200NM;2168,0;Cape Verde;CPV;Cape Verde;0,0;0,0;;;;0,0;0,0;;;;-24,17164;16,0919;8362,0;801936,0;CPV;;;132;;;132;;
790;11,5;-19,5;365380;8371,0;Senegalese Exclusive Economic Zone;2225,0;200NM;2225,0;Senegal;SEN;Senegal;0,0;0,0;;;;0,0;0,0;;;;-18,50357;13,69463;8371,0;158358,0;SEN;;;686;;;686;;
790;11,5;-19,5;365380;48964,0;Joint regime area Senegal / Guinea Bissau;2225,0;Joint regime;2225,0;Senegal;SEN;Senegal;8685,0;8685,0;Guinea-Bissau;GNB;Guinea-Bissau;0,0;0,0;;;;-18,77443;11,261;48964,0;63460,0;SEN;GNB;;686;624;;686;624;
791;11,5;-18,5;174930;8371,0;Senegalese Exclusive Economic Zone;2225,0;200NM;2225,0;Senegal;SEN;Senegal;0,0;0,0;;;;0,0;0,0;;;;-18,50357;13,69463;8371,0;158358,0;SEN;;;686;;;686;;
791;11,5;-18,5;174930;48964,0;Joint regime area Senegal / Guinea Bissau;2225,0;Joint regime;2225,0;Senegal;SEN;Senegal;8685,0;8685,0;Guinea-Bissau;GNB;Guinea-Bissau;0,0;0,0;;;;-18,77443;11,261;48964,0;63460,0;SEN;GNB;;686;624;;686;624;
792;11,5;-17,5;428340;8471,0;Guinea Bissau Exclusive Economic Zone;8685,0;200NM;8685,0;Guinea-Bissau;GNB;Guinea-Bissau;0,0;0,0;;;;0,0;0,0;;;;-17,5672;10,58066;8471,0;106870,0;GNB;;;624;;;624;;
792;11,5;-17,5;428340;48964,0;Joint regime area Senegal / Guinea Bissau;2225,0;Joint regime;2225,0;Senegal;SEN;Senegal;8685,0;8685,0;Guinea-Bissau;GNB;Guinea-Bissau;0,0;0,0;;;;-18,77443;11,261;48964,0;63460,0;SEN;GNB;;686;624;;686;624;
801;12,5;-26,5;384450;8362,0;Cape Verdean Exclusive Economic Zone;2168,0;200NM;2168,0;Cape Verde;CPV;Cape Verde;0,0;0,0;;;;0,0;0,0;;;;-24,17164;16,0919;8362,0;801936,0;CPV;;;132;;;132;;
802;12,5;-25,5;670910;8362,0;Cape Verdean Exclusive Economic Zone;2168,0;200NM;2168,0;Cape Verde;CPV;Cape Verde;0,0;0,0;;;;0,0;0,0;;;;-24,17164;16,0919;8362,0;801936,0;CPV;;;132;;;132;;
803;12,5;-24,5;965590;8362,0;Cape Verdean Exclusive Economic Zone;2168,0;200NM;2168,0;Cape Verde;CPV;Cape Verde;0,0;0,0;;;;0,0;0,0;;;;-24,17164;16,0919;8362,0;801936,0;CPV;;;132;;;132;;
804;12,5;-23,5;945840;8362,0;Cape Verdean Exclusive Economic Zone;2168,0;200NM;2168,0;Cape Verde;CPV;Cape Verde;0,0;0,0;;;;0,0;0,0;;;;-24,17164;16,0919;8362,0;801936,0;CPV;;;132;;;132;;
805;12,5;-22,5;463800;8362,0;Cape Verdean Exclusive Economic Zone;2168,0;200NM;2168,0;Cape Verde;CPV;Cape Verde;0,0;0,0;;;;0,0;0,0;;;;-24,17164;16,0919;8362,0;801936,0;CPV;;;132;;;132;;
806;12,5;-21,5;253980;8362,0;Cape Verdean Exclusive Economic Zone;2168,0;200NM;2168,0;Cape Verde;CPV;Cape Verde;0,0;0,0;;;;0,0;0,0;;;;-24,17164;16,0919;8362,0;801936,0;CPV;;;132;;;132;;
808;12,5;-19,5;125390;8371,0;Senegalese Exclusive Economic Zone;2225,0;200NM;2225,0;Senegal;SEN;Senegal;0,0;0,0;;;;0,0;0,0;;;;-18,50357;13,69463;8371,0;158358,0;SEN;;;686;;;686;;
809;12,5;-18,5;691940;8371,0;Senegalese Exclusive Economic Zone;2225,0;200NM;2225,0;Senegal;SEN;Senegal;0,0;0,0;;;;0,0;0,0;;;;-18,50357;13,69463;8371,0;158358,0;SEN;;;686;;;686;;
810;12,5;-17,5;72670;8371,0;Senegalese Exclusive Economic Zone;2225,0;200NM;2225,0;Senegal;SEN;Senegal;0,0;0,0;;;;0,0;0,0;;;;-18,50357;13,69463;8371,0;158358,0;SEN;;;686;;;686;;
817;13,5;-27,5;162900;8362,0;Cape Verdean Exclusive Economic Zone;2168,0;200NM;2168,0;Cape Verde;CPV;Cape Verde;0,0;0,0;;;;0,0;0,0;;;;-24,17164;16,0919;8362,0;801936,0;CPV;;;132;;;132;;
818;13,5;-26,5;469440;8362,0;Cape Verdean Exclusive Economic Zone;2168,0;200NM;2168,0;Cape Verde;CPV;Cape Verde;0,0;0,0;;;;0,0;0,0;;;;-24,17164;16,0919;8362,0;801936,0;CPV;;;132;;;132;;
819;13,5;-25,5;509200;8362,0;Cape Verdean Exclusive Economic Zone;2168,0;200NM;2168,0;Cape Verde;CPV;Cape Verde;0,0;0,0;;;;0,0;0,0;;;;-24,17164;16,0919;8362,0;801936,0;CPV;;;132;;;132;;
820;13,5;-24,5;318770;8362,0;Cape Verdean Exclusive Economic Zone;2168,0;200NM;2168,0;Cape Verde;CPV;Cape Verde;0,0;0,0;;;;0,0;0,0;;;;-24,17164;16,0919;8362,0;801936,0;CPV;;;132;;;132;;
821;13,5;-23,5;593630;8362,0;Cape Verdean Exclusive Economic Zone;2168,0;200NM;2168,0;Cape Verde;CPV;Cape Verde;0,0;0,0;;;;0,0;0,0;;;;-24,17164;16,0919;8362,0;801936,0;CPV;;;132;;;132;;
822;13,5;-22,5;507140;8362,0;Cape Verdean Exclusive Economic Zone;2168,0;200NM;2168,0;Cape Verde;CPV;Cape Verde;0,0;0,0;;;;0,0;0,0;;;;-24,17164;16,0919;8362,0;801936,0;CPV;;;132;;;132;;
823;13,5;-21,5;488480;8362,0;Cape Verdean Exclusive Economic Zone;2168,0;200NM;2168,0;Cape Verde;CPV;Cape Verde;0,0;0,0;;;;0,0;0,0;;;;-24,17164;16,0919;8362,0;801936,0;CPV;;;132;;;132;;
824;13,5;-20,5;843450;8362,0;Cape Verdean Exclusive Economic Zone;2168,0;200NM;2168,0;Cape Verde;CPV;Cape Verde;0,0;0,0;;;;0,0;0,0;;;;-24,17164;16,0919;8362,0;801936,0;CPV;;;132;;;132;;
825;13,5;-19,5;218770;8370,0;Gambian Exclusive Economic Zone;2113,0;200NM;2113,0;Gambia;GMB;Gambia;0,0;0,0;;;;0,0;0,0;;;;-18,38751;13,32867;8370,0;23097,0;GMB;;;270;;;270;;
826;13,5;-18,5;424470;8370,0;Gambian Exclusive Economic Zone;2113,0;200NM;2113,0;Gambia;GMB;Gambia;0,0;0,0;;;;0,0;0,0;;;;-18,38751;13,32867;8370,0;23097,0;GMB;;;270;;;270;;
827;13,5;-17,5;53520;8370,0;Gambian Exclusive Economic Zone;2113,0;200NM;2113,0;Gambia;GMB;Gambia;0,0;0,0;;;;0,0;0,0;;;;-18,38751;13,32867;8370,0;23097,0;GMB;;;270;;;270;;
833;14,5;-27,5;140280;8362,0;Cape Verdean Exclusive Economic Zone;2168,0;200NM;2168,0;Cape Verde;CPV;Cape Verde;0,0;0,0;;;;0,0;0,0;;;;-24,17164;16,0919;8362,0;801936,0;CPV;;;132;;;132;;
834;14,5;-26,5;116570;8362,0;Cape Verdean Exclusive Economic Zone;2168,0;200NM;2168,0;Cape Verde;CPV;Cape Verde;0,0;0,0;;;;0,0;0,0;;;;-24,17164;16,0919;8362,0;801936,0;CPV;;;132;;;132;;
835;14,5;-25,5;295990;8362,0;Cape Verdean Exclusive Economic Zone;2168,0;200NM;2168,0;Cape Verde;CPV;Cape Verde;0,0;0,0;;;;0,0;0,0;;;;-24,17164;16,0919;8362,0;801936,0;CPV;;;132;;;132;;
836;14,5;-24,5;213970;8362,0;Cape Verdean Exclusive Economic Zone;2168,0;200NM;2168,0;Cape Verde;CPV;Cape Verde;0,0;0,0;;;;0,0;0,0;;;;-24,17164;16,0919;8362,0;801936,0;CPV;;;132;;;132;;
837;14,5;-23,5;77950;8362,0;Cape Verdean Exclusive Economic Zone;2168,0;200NM;2168,0;Cape Verde;CPV;Cape Verde;0,0;0,0;;;;0,0;0,0;;;;-24,17164;16,0919;8362,0;801936,0;CPV;;;132;;;132;;
838;14,5;-22,5;271600;8362,0;Cape Verdean Exclusive Economic Zone;2168,0;200NM;2168,0;Cape Verde;CPV;Cape Verde;0,0;0,0;;;;0,0;0,0;;;;-24,17164;16,0919;8362,0;801936,0;CPV;;;132;;;132;;
839;14,5;-21,5;66140;8362,0;Cape Verdean Exclusive Economic Zone;2168,0;200NM;2168,0;Cape Verde;CPV;Cape Verde;0,0;0,0;;;;0,0;0,0;;;;-24,17164;16,0919;8362,0;801936,0;CPV;;;132;;;132;;
840;14,5;-20,5;223100;8362,0;Cape Verdean Exclusive Economic Zone;2168,0;200NM;2168,0;Cape Verde;CPV;Cape Verde;0,0;0,0;;;;0,0;0,0;;;;-24,17164;16,0919;8362,0;801936,0;CPV;;;132;;;132;;
841;14,5;-19,5;103530;8371,0;Senegalese Exclusive Economic Zone;2225,0;200NM;2225,0;Senegal;SEN;Senegal;0,0;0,0;;;;0,0;0,0;;;;-18,50357;13,69463;8371,0;158358,0;SEN;;;686;;;686;;
842;14,5;-18,5;1144730;8371,0;Senegalese Exclusive Economic Zone;2225,0;200NM;2225,0;Senegal;SEN;Senegal;0,0;0,0;;;;0,0;0,0;;;;-18,50357;13,69463;8371,0;158358,0;SEN;;;686;;;686;;
843;14,5;-17,5;565680;8371,0;Senegalese Exclusive Economic Zone;2225,0;200NM;2225,0;Senegal;SEN;Senegal;0,0;0,0;;;;0,0;0,0;;;;-18,50357;13,69463;8371,0;158358,0;SEN;;;686;;;686;;
847;15,5;-27,5;50250;8362,0;Cape Verdean Exclusive Economic Zone;2168,0;200NM;2168,0;Cape Verde;CPV;Cape Verde;0,0;0,0;;;;0,0;0,0;;;;-24,17164;16,0919;8362,0;801936,0;CPV;;;132;;;132;;
848;15,5;-26,5;70590;8362,0;Cape Verdean Exclusive Economic Zone;2168,0;200NM;2168,0;Cape Verde;CPV;Cape Verde;0,0;0,0;;;;0,0;0,0;;;;-24,17164;16,0919;8362,0;801936,0;CPV;;;132;;;132;;
849;15,5;-25,5;90000;8362,0;Cape Verdean Exclusive Economic Zone;2168,0;200NM;2168,0;Cape Verde;CPV;Cape Verde;0,0;0,0;;;;0,0;0,0;;;;-24,17164;16,0919;8362,0;801936,0;CPV;;;132;;;132;;
850;15,5;-22,5;189580;8362,0;Cape Verdean Exclusive Economic Zone;2168,0;200NM;2168,0;Cape Verde;CPV;Cape Verde;0,0;0,0;;;;0,0;0,0;;;;-24,17164;16,0919;8362,0;801936,0;CPV;;;132;;;132;;
851;15,5;-21,5;181990;8362,0;Cape Verdean Exclusive Economic Zone;2168,0;200NM;2168,0;Cape Verde;CPV;Cape Verde;0,0;0,0;;;;0,0;0,0;;;;-24,17164;16,0919;8362,0;801936,0;CPV;;;132;;;132;;
852;15,5;-20,5;420680;8362,0;Cape Verdean Exclusive Economic Zone;2168,0;200NM;2168,0;Cape Verde;CPV;Cape Verde;0,0;0,0;;;;0,0;0,0;;;;-24,17164;16,0919;8362,0;801936,0;CPV;;;132;;;132;;
853;15,5;-19,5;166360;8371,0;Senegalese Exclusive Economic Zone;2225,0;200NM;2225,0;Senegal;SEN;Senegal;0,0;0,0;;;;0,0;0,0;;;;-18,50357;13,69463;8371,0;158358,0;SEN;;;686;;;686;;
854;15,5;-18,5;1023350;8371,0;Senegalese Exclusive Economic Zone;2225,0;200NM;2225,0;Senegal;SEN;Senegal;0,0;0,0;;;;0,0;0,0;;;;-18,50357;13,69463;8371,0;158358,0;SEN;;;686;;;686;;
855;15,5;-17,5;527950;8371,0;Senegalese Exclusive Economic Zone;2225,0;200NM;2225,0;Senegal;SEN;Senegal;0,0;0,0;;;;0,0;0,0;;;;-18,50357;13,69463;8371,0;158358,0;SEN;;;686;;;686;;
858;16,5;-28,5;20390;8362,0;Cape Verdean Exclusive Economic Zone;2168,0;200NM;2168,0;Cape Verde;CPV;Cape Verde;0,0;0,0;;;;0,0;0,0;;;;-24,17164;16,0919;8362,0;801936,0;CPV;;;132;;;132;;
859;16,5;-27,5;129010;8362,0;Cape Verdean Exclusive Economic Zone;2168,0;200NM;2168,0;Cape Verde;CPV;Cape Verde;0,0;0,0;;;;0,0;0,0;;;;-24,17164;16,0919;8362,0;801936,0;CPV;;;132;;;132;;
860;16,5;-26,5;72020;8362,0;Cape Verdean Exclusive Economic Zone;2168,0;200NM;2168,0;Cape Verde;CPV;Cape Verde;0,0;0,0;;;;0,0;0,0;;;;-24,17164;16,0919;8362,0;801936,0;CPV;;;132;;;132;;
861;16,5;-25,5;102780;8362,0;Cape Verdean Exclusive Economic Zone;2168,0;200NM;2168,0;Cape Verde;CPV;Cape Verde;0,0;0,0;;;;0,0;0,0;;;;-24,17164;16,0919;8362,0;801936,0;CPV;;;132;;;132;;
862;16,5;-22,5;158050;8362,0;Cape Verdean Exclusive Economic Zone;2168,0;200NM;2168,0;Cape Verde;CPV;Cape Verde;0,0;0,0;;;;0,0;0,0;;;;-24,17164;16,0919;8362,0;801936,0;CPV;;;132;;;132;;
863;16,5;-21,5;664980;8362,0;Cape Verdean Exclusive Economic Zone;2168,0;200NM;2168,0;Cape Verde;CPV;Cape Verde;0,0;0,0;;;;0,0;0,0;;;;-24,17164;16,0919;8362,0;801936,0;CPV;;;132;;;132;;
864;16,5;-20,5;1116650;8362,0;Cape Verdean Exclusive Economic Zone;2168,0;200NM;2168,0;Cape Verde;CPV;Cape Verde;0,0;0,0;;;;0,0;0,0;;;;-24,17164;16,0919;8362,0;801936,0;CPV;;;132;;;132;;
865;16,5;-19,5;1361710;8369,0;Mauritanian Exclusive Economic Zone;2236,0;200NM;2236,0;Mauritania;MRT;Mauritania;0,0;0,0;;;;0,0;0,0;;;;-17,91755;18,24852;8369,0;173180,0;MRT;;;478;;;478;;
866;16,5;-18,5;1540210;8369,0;Mauritanian Exclusive Economic Zone;2236,0;200NM;2236,0;Mauritania;MRT;Mauritania;0,0;0,0;;;;0,0;0,0;;;;-17,91755;18,24852;8369,0;173180,0;MRT;;;478;;;478;;
867;16,5;-17,5;1472860;8369,0;Mauritanian Exclusive Economic Zone;2236,0;200NM;2236,0;Mauritania;MRT;Mauritania;0,0;0,0;;;;0,0;0,0;;;;-17,91755;18,24852;8369,0;173180,0;MRT;;;478;;;478;;
869;17,5;-28,5;77790;8362,0;Cape Verdean Exclusive Economic Zone;2168,0;200NM;2168,0;Cape Verde;CPV;Cape Verde;0,0;0,0;;;;0,0;0,0;;;;-24,17164;16,0919;8362,0;801936,0;CPV;;;132;;;132;;
870;17,5;-24,5;21470;8362,0;Cape Verdean Exclusive Economic Zone;2168,0;200NM;2168,0;Cape Verde;CPV;Cape Verde;0,0;0,0;;;;0,0;0,0;;;;-24,17164;16,0919;8362,0;801936,0;CPV;;;132;;;132;;
871;17,5;-23,5;25280;8362,0;Cape Verdean Exclusive Economic Zone;2168,0;200NM;2168,0;Cape Verde;CPV;Cape Verde;0,0;0,0;;;;0,0;0,0;;;;-24,17164;16,0919;8362,0;801936,0;CPV;;;132;;;132;;
872;17,5;-22,5;202050;8362,0;Cape Verdean Exclusive Economic Zone;2168,0;200NM;2168,0;Cape Verde;CPV;Cape Verde;0,0;0,0;;;;0,0;0,0;;;;-24,17164;16,0919;8362,0;801936,0;CPV;;;132;;;132;;
873;17,5;-21,5;221650;8362,0;Cape Verdean Exclusive Economic Zone;2168,0;200NM;2168,0;Cape Verde;CPV;Cape Verde;0,0;0,0;;;;0,0;0,0;;;;-24,17164;16,0919;8362,0;801936,0;CPV;;;132;;;132;;
874;17,5;-20,5;2710840;8362,0;Cape Verdean Exclusive Economic Zone;2168,0;200NM;2168,0;Cape Verde;CPV;Cape Verde;0,0;0,0;;;;0,0;0,0;;;;-24,17164;16,0919;8362,0;801936,0;CPV;;;132;;;132;;
875;17,5;-19,5;2927650;8369,0;Mauritanian Exclusive Economic Zone;2236,0;200NM;2236,0;Mauritania;MRT;Mauritania;0,0;0,0;;;;0,0;0,0;;;;-17,91755;18,24852;8369,0;173180,0;MRT;;;478;;;478;;
876;17,5;-18,5;2165720;8369,0;Mauritanian Exclusive Economic Zone;2236,0;200NM;2236,0;Mauritania;MRT;Mauritania;0,0;0,0;;;;0,0;0,0;;;;-17,91755;18,24852;8369,0;173180,0;MRT;;;478;;;478;;
877;17,5;-17,5;6149160;8369,0;Mauritanian Exclusive Economic Zone;2236,0;200NM;2236,0;Mauritania;MRT;Mauritania;0,0;0,0;;;;0,0;0,0;;;;-17,91755;18,24852;8369,0;173180,0;MRT;;;478;;;478;;
878;17,5;-16,5;1237070;8369,0;Mauritanian Exclusive Economic Zone;2236,0;200NM;2236,0;Mauritania;MRT;Mauritania;0,0;0,0;;;;0,0;0,0;;;;-17,91755;18,24852;8369,0;173180,0;MRT;;;478;;;478;;
879;18,5;-25,5;12560;8362,0;Cape Verdean Exclusive Economic Zone;2168,0;200NM;2168,0;Cape Verde;CPV;Cape Verde;0,0;0,0;;;;0,0;0,0;;;;-24,17164;16,0919;8362,0;801936,0;CPV;;;132;;;132;;
880;18,5;-24,5;20010;8362,0;Cape Verdean Exclusive Economic Zone;2168,0;200NM;2168,0;Cape Verde;CPV;Cape Verde;0,0;0,0;;;;0,0;0,0;;;;-24,17164;16,0919;8362,0;801936,0;CPV;;;132;;;132;;
881;18,5;-23,5;11990;8362,0;Cape Verdean Exclusive Economic Zone;2168,0;200NM;2168,0;Cape Verde;CPV;Cape Verde;0,0;0,0;;;;0,0;0,0;;;;-24,17164;16,0919;8362,0;801936,0;CPV;;;132;;;132;;
882;18,5;-22,5;470000;8362,0;Cape Verdean Exclusive Economic Zone;2168,0;200NM;2168,0;Cape Verde;CPV;Cape Verde;0,0;0,0;;;;0,0;0,0;;;;-24,17164;16,0919;8362,0;801936,0;CPV;;;132;;;132;;
883;18,5;-21,5;893560;8362,0;Cape Verdean Exclusive Economic Zone;2168,0;200NM;2168,0;Cape Verde;CPV;Cape Verde;0,0;0,0;;;;0,0;0,0;;;;-24,17164;16,0919;8362,0;801936,0;CPV;;;132;;;132;;
884;18,5;-20,5;2566100;8362,0;Cape Verdean Exclusive Economic Zone;2168,0;200NM;2168,0;Cape Verde;CPV;Cape Verde;0,0;0,0;;;;0,0;0,0;;;;-24,17164;16,0919;8362,0;801936,0;CPV;;;132;;;132;;
885;18,5;-19,5;5095040;8369,0;Mauritanian Exclusive Economic Zone;2236,0;200NM;2236,0;Mauritania;MRT;Mauritania;0,0;0,0;;;;0,0;0,0;;;;-17,91755;18,24852;8369,0;173180,0;MRT;;;478;;;478;;
886;18,5;-18,5;6965060;8369,0;Mauritanian Exclusive Economic Zone;2236,0;200NM;2236,0;Mauritania;MRT;Mauritania;0,0;0,0;;;;0,0;0,0;;;;-17,91755;18,24852;8369,0;173180,0;MRT;;;478;;;478;;
887;18,5;-17,5;6005400;8369,0;Mauritanian Exclusive Economic Zone;2236,0;200NM;2236,0;Mauritania;MRT;Mauritania;0,0;0,0;;;;0,0;0,0;;;;-17,91755;18,24852;8369,0;173180,0;MRT;;;478;;;478;;
888;18,5;-16,5;846830;8369,0;Mauritanian Exclusive Economic Zone;2236,0;200NM;2236,0;Mauritania;MRT;Mauritania;0,0;0,0;;;;0,0;0,0;;;;-17,91755;18,24852;8369,0;173180,0;MRT;;;478;;;478;;
889;19,5;-27,5;25000;8362,0;Cape Verdean Exclusive Economic Zone;2168,0;200NM;2168,0;Cape Verde;CPV;Cape Verde;0,0;0,0;;;;0,0;0,0;;;;-24,17164;16,0919;8362,0;801936,0;CPV;;;132;;;132;;
890;19,5;-25,5;22000;8362,0;Cape Verdean Exclusive Economic Zone;2168,0;200NM;2168,0;Cape Verde;CPV;Cape Verde;0,0;0,0;;;;0,0;0,0;;;;-24,17164;16,0919;8362,0;801936,0;CPV;;;132;;;132;;
891;19,5;-24,5;65000;8362,0;Cape Verdean Exclusive Economic Zone;2168,0;200NM;2168,0;Cape Verde;CPV;Cape Verde;0,0;0,0;;;;0,0;0,0;;;;-24,17164;16,0919;8362,0;801936,0;CPV;;;132;;;132;;
892;19,5;-23,5;148400;8362,0;Cape Verdean Exclusive Economic Zone;2168,0;200NM;2168,0;Cape Verde;CPV;Cape Verde;0,0;0,0;;;;0,0;0,0;;;;-24,17164;16,0919;8362,0;801936,0;CPV;;;132;;;132;;
893;19,5;-22,5;195390;8362,0;Cape Verdean Exclusive Economic Zone;2168,0;200NM;2168,0;Cape Verde;CPV;Cape Verde;0,0;0,0;;;;0,0;0,0;;;;-24,17164;16,0919;8362,0;801936,0;CPV;;;132;;;132;;
894;19,5;-21,5;333060;8362,0;Cape Verdean Exclusive Economic Zone;2168,0;200NM;2168,0;Cape Verde;CPV;Cape Verde;0,0;0,0;;;;0,0;0,0;;;;-24,17164;16,0919;8362,0;801936,0;CPV;;;132;;;132;;
896;19,5;-19,5;4550820;8369,0;Mauritanian Exclusive Economic Zone;2236,0;200NM;2236,0;Mauritania;MRT;Mauritania;0,0;0,0;;;;0,0;0,0;;;;-17,91755;18,24852;8369,0;173180,0;MRT;;;478;;;478;;
897;19,5;-18,5;8503580;8369,0;Mauritanian Exclusive Economic Zone;2236,0;200NM;2236,0;Mauritania;MRT;Mauritania;0,0;0,0;;;;0,0;0,0;;;;-17,91755;18,24852;8369,0;173180,0;MRT;;;478;;;478;;
898;19,5;-17,5;7584450;8369,0;Mauritanian Exclusive Economic Zone;2236,0;200NM;2236,0;Mauritania;MRT;Mauritania;0,0;0,0;;;;0,0;0,0;;;;-17,91755;18,24852;8369,0;173180,0;MRT;;;478;;;478;;
899;19,5;-16,5;13630;8369,0;Mauritanian Exclusive Economic Zone;2236,0;200NM;2236,0;Mauritania;MRT;Mauritania;0,0;0,0;;;;0,0;0,0;;;;-17,91755;18,24852;8369,0;173180,0;MRT;;;478;;;478;;
901;20,5;-24,5;7390;8362,0;Cape Verdean Exclusive Economic Zone;2168,0;200NM;2168,0;Cape Verde;CPV;Cape Verde;0,0;0,0;;;;0,0;0,0;;;;-24,17164;16,0919;8362,0;801936,0;CPV;;;132;;;132;;
905;20,5;-20,5;1629050;8368,0;Overlapping claim Western Saharan Exclusive Economic Zone;8617,0;Overlapping claim;8617,0;Western Sahara;ESH;Western Sahara;8617,0;2221,0;Western Sahara;ESH;Morocco;0,0;0,0;;;;-17,69542;23,34236;8368,0;284054,0;ESH;MAR;;732;504;;732;732;
906;20,5;-19,5;2463510;8368,0;Overlapping claim Western Saharan Exclusive Economic Zone;8617,0;Overlapping claim;8617,0;Western Sahara;ESH;Western Sahara;8617,0;2221,0;Western Sahara;ESH;Morocco;0,0;0,0;;;;-17,69542;23,34236;8368,0;284054,0;ESH;MAR;;732;504;;732;732;
907;20,5;-18,5;6253410;8368,0;Overlapping claim Western Saharan Exclusive Economic Zone;8617,0;Overlapping claim;8617,0;Western Sahara;ESH;Western Sahara;8617,0;2221,0;Western Sahara;ESH;Morocco;0,0;0,0;;;;-17,69542;23,34236;8368,0;284054,0;ESH;MAR;;732;504;;732;732;
908;20,5;-17,5;561310;8369,0;Mauritanian Exclusive Economic Zone;2236,0;200NM;2236,0;Mauritania;MRT;Mauritania;0,0;0,0;;;;0,0;0,0;;;;-17,91755;18,24852;8369,0;173180,0;MRT;;;478;;;478;;
911;21,5;-20,5;25480;8368,0;Overlapping claim Western Saharan Exclusive Economic Zone;8617,0;Overlapping claim;8617,0;Western Sahara;ESH;Western Sahara;8617,0;2221,0;Western Sahara;ESH;Morocco;0,0;0,0;;;;-17,69542;23,34236;8368,0;284054,0;ESH;MAR;;732;504;;732;732;
917;24,5;-19,5;129570;8368,0;Overlapping claim Western Saharan Exclusive Economic Zone;8617,0;Overlapping claim;8617,0;Western Sahara;ESH;Western Sahara;8617,0;2221,0;Western Sahara;ESH;Morocco;0,0;0,0;;;;-17,69542;23,34236;8368,0;284054,0;ESH;MAR;;732;504;;732;732;
918;25,5;-19,5;29440;8364,0;Spanish Exclusive Economic Zone (Canary Islands);3743,0;200NM;2185,0;Canary Islands;;Spain;0,0;0,0;;;;0,0;0,0;;;;-17,61396;28,36715;8364,0;445910,0;ESP;;;724;;;;;
